similes,components,literal_sentences,label1_q,label1_c,label1_i,label2_q,label2_c,label2_i,label3_q,label3_c,label3_i,BERTS_base,BERTS_large,BLEU1,BLEU2,BLEU3,BLEU4,rouge1,rouge2,rougeL,meteor,fluency,relevance_KB,relevance_COMET,consistency_emo,consistency_mnli
"As for Paganel, he wept like a child who does not think of hiding his emotion.","[('he', 'a child', 'wept')]","As for Paganel , he wept who does not think of hiding his emotion .",5,4,2,5,3,2,5,3,2,1,1,1,1,1,1,1,1,1,1,1,1,1,0.9991387047374352,0.7099849646631637
"As for Paganel, he wept like a person who does not think of hiding his emotion.","[('he', 'a person', 'wept')]","As for Paganel , he wept who does not think of hiding his emotion .",2,2,2,2,1,2,3,2,1,0.1460397330857157,0.0946971780625997,0.4722222222222221,0.2941176470588231,0.203125,0.1466666666666665,0,0,0,0.0848408524571608,0,0.0258036775474328,0.0466786355475763,1,0
"As for Paganel, he wept like a boy who does not think of hiding his emotion.","[('he', 'a boy', 'wept')]","As for Paganel , he wept who does not think of hiding his emotion .",4,3,2,5,3,2,5,3,2,0.7101309084296801,0.6767626613704072,0.4722222222222221,0.2941176470588231,0.203125,0.1466666666666665,0,0,0,0.0848408524571608,0.1722700150775361,0.2617424243182862,0.3105924596050269,0.9987775577551308,1
"As for Paganel, he wept like a brave man who does not think of hiding his emotion.","[('he', 'a brave man', 'wept')]","As for Paganel , he wept who does not think of hiding his emotion .",1,3,3,1,4,3,1,4,3,0,0,0,0,0,0,0,0,0,0,0.1980857136242361,0,0,0,0.342272739155036
"He possessed an inimitable irony and a power of sarcasm which could scorch like vitriol, but the latter is almost invariably directed against what is base and hateful.","[('a power of sarcasm', 'vitriol', 'scorch')]","He possessed an inimitable irony and a power of sarcasm which could scorch , but the latter is almost invariably directed against what is base and hateful .",5,5,2,5,4,2,5,4,2,1,1,1,1,1,1,0.5,0.5,0.5,1,0.9706457364158056,0.5,0.5,0.4437693626492616,0.5759245620495554
"He possessed an inimitable irony and a power of sarcasm which could scorch like fire, but the latter is almost invariably directed against what is base and hateful.","[('a power of sarcasm', 'fire', 'scorch')]","He possessed an inimitable irony and a power of sarcasm which could scorch , but the latter is almost invariably directed against what is base and hateful .",3,2,2,3,2,2,5,2,2,0.7609077046073671,0.7365075872341506,1,1,1,1,0.5,0.5,0.5,1,0.2008822502728224,0.5,0.5,1,1
"He possessed an inimitable irony and a power of sarcasm which could scorch like acid, but the latter is almost invariably directed against what is base and hateful.","[('a power of sarcasm', 'acid', 'scorch')]","He possessed an inimitable irony and a power of sarcasm which could scorch , but the latter is almost invariably directed against what is base and hateful .",3,4,2,5,3,2,5,4,2,0.7323966599549923,0.8713216936500817,1,1,1,1,0.5,0.5,0.5,1,0,0.5,0.5,0,0
"He possessed an inimitable irony and a power of sarcasm which could scorch like a flame, but the latter is almost invariably directed against what is base and hateful.","[('a power of sarcasm', 'a flame', 'scorch')]","He possessed an inimitable irony and a power of sarcasm which could scorch , but the latter is almost invariably directed against what is base and hateful .",4,3,3,4,3,3,5,3,2,0,0,0,0,0,0,0.5,0.5,0.5,0,1,0.5,0.5,0.93125996330496,0.912317849439739
"Some raindrops struck the roof, window and ran down its panes like diamonds.","[('Some raindrops', 'diamonds', 'ran')]","Some raindrops struck the roof , window and ran down its panes .",3,3,2,1,3,2,3,4,2,0.1401558696910355,0.0961946815541899,0.6999999999999997,0.514285714285714,0.5076923076923077,0.5000000000000004,0,0,0,0.2121106402128731,0,0,0,0.7547789309503571,0.7453371267207053
"Some raindrops struck the roof, window and ran down its panes like tears.","[('Some raindrops', 'tears', 'ran')]","Some raindrops struck the roof , window and ran down its panes .",3,3,2,3,4,2,4,3,2,1,1,1,1,1,1,1,1,1,1,0.0424518678653992,1,1,1,0.033359435547184
"Some raindrops struck the roof, window and ran down its panes like arrows.","[('Some raindrops', 'arrows', 'ran')]","Some raindrops struck the roof , window and ran down its panes .",1,3,2,1,2,2,1,4,2,0.1058000544407534,0.0391697487027323,0.6999999999999997,0.514285714285714,0.5076923076923077,0.5000000000000004,0,0,0,0.2121106402128731,0.0027878110724527,0,0,0.9994389418571228,0
"Some raindrops struck the roof, window and ran down its panes like a stream.","[('Some raindrops', 'a stream', 'ran')]","Some raindrops struck the roof , window and ran down its panes .",3,3,3,5,3,2,4,2,2,0.1383825810731171,0.0002995317180183,0.4374999999999998,0.3199999999999999,0.3142857142857142,0.3076923076923082,0,0,0,0.1404706226575328,0.9401217613829156,0,0,0.9884405408089284,1
"Some raindrops struck the roof, window and ran down its panes like a stream of diamonds.","[('Some raindrops', 'a stream of diamonds', 'ran')]","Some raindrops struck the roof , window and ran down its panes .",5,4,4,4,5,4,3,5,4,0,0,0,0,0,0,0,0,0,0,1,0,0,0,0.6634406749085163
"President Ham clinched his great fist convulsively and, with delight in his pantomime, opened his fingers one by one, and held out his pink palm, wrinkled and crossed like a flag, as though to show Billy that in it lay the fly, dead.","[('President Ham', 'a flag', 'crossed')]","President Ham clinched his great fist convulsively and , with delight in his pantomime , opened his fingers one by one , and held out his pink palm , wrinkled and crossed , as though to show Billy that in it lay the fly , dead .",2,3,2,2,3,2,1,3,2,0.1285669702158987,0,0,0.4735034523486117,0.7445938441581225,0.7565848910674703,0,0,0,0,0,0.5,0.5,0.3991165799021928,0.2760028445755524
"President Ham clinched his great fist convulsively and, with delight in his pantomime, opened his fingers one by one, and held out his pink palm, wrinkled and crossed like the wings of a butterfly, as though to show Billy that in it lay the fly, dead.","[('President Ham', 'the wings of a butterfly', 'crossed')]","President Ham clinched his great fist convulsively and , with delight in his pantomime , opened his fingers one by one , and held out his pink palm , wrinkled and crossed , as though to show Billy that in it lay the fly , dead .",1,3,3,1,5,4,2,4,4,0.9926540018885136,0.9666205684957114,1,1,1,1,1,1,1,1,0.2845199345209704,0.5,0.5,1,0
"He sprang to his feet as he uttered the words, and darted like lightning into the bushes, I myself following hard at his heels.","[('He', 'lightning', 'darted')]","He sprang to his feet as he uttered the words , and darted into the bushes , I myself following hard at his heels .",4,3,2,4,3,2,5,3,2,0,0.1843634752983424,0,0.0168849195089837,0.0480933656134284,0.0758425896101329,0,0,0,0.093128692545215,0.2515951983374141,0.8749211748138833,0.2831858407079646,1,0
"He sprang to his feet as he uttered the words, and darted like a flash into the bushes, I myself following hard at his heels.","[('He', 'a flash', 'darted')]","He sprang to his feet as he uttered the words , and darted into the bushes , I myself following hard at his heels .",4,4,3,5,3,2,5,3,2,0.2904143731631675,0,1,1,1,1,1,1,1,1,0,0.3138246965901262,0.2654867256637168,0.9990626720032516,0.3492274569402229
"He sprang to his feet as he uttered the words, and darted like an arrow into the bushes, I myself following hard at his heels.","[('He', 'an arrow', 'darted')]","He sprang to his feet as he uttered the words , and darted into the bushes , I myself following hard at his heels .",4,4,3,5,3,2,5,4,2,0.4443652881289881,0.7609164672954467,0.0171008631922707,0,0,0,0,0,0,0,1,0,0,0.9707789432608652,0.9271149949341438
"He sprang to his feet as he uttered the words, and darted like a deer into the bushes, I myself following hard at his heels.","[('He', 'a deer', 'darted')]","He sprang to his feet as he uttered the words , and darted into the bushes , I myself following hard at his heels .",5,4,3,4,3,2,5,3,2,1,1,1,1,1,1,1,1,1,1,0.925675754424887,1,1,0,1
"even before i had uttered three words he yawned in a very human gesture and chided me, shhh, why is it that every flat, face i meet must chatter like a pig at a butchering party?","[('every flat, face', 'a pig', 'chatter')]","even before i had uttered three words he yawned in a very human gesture and chided me , shhh , why is it that every flat , face i meet must chatter at a butchering party ?",3,1,2,4,3,2,4,3,2,0.1716798172421056,0.2953883645525701,0,0,0,0,0,0,0,0,0.9439874810582496,0.5,0.5,0.4968787355558507,0.0264910608698239
"even before i had uttered three words he yawned in a very human gesture and chided me, shhh, why is it that every flat, face i meet must chatter like a butcher at a butchering party?","[('every flat, face', 'a butcher', 'chatter')]","even before i had uttered three words he yawned in a very human gesture and chided me , shhh , why is it that every flat , face i meet must chatter at a butchering party ?",2,3,2,1,3,2,1,4,2,0.0082953937881758,0,0,0,0,0,0,0,0,0,0.4734049662361066,0.5,0.5,1,0
"even before i had uttered three words he yawned in a very human gesture and chided me, shhh, why is it that every flat, face i meet must chatter like an old pig at a butchering party?","[('every flat, face', 'an old pig', 'chatter')]","even before i had uttered three words he yawned in a very human gesture and chided me , shhh , why is it that every flat , face i meet must chatter at a butchering party ?",4,1,3,4,4,3,3,4,3,1,1,1,1,1,1,1,1,1,1,1,0.5,0.5,0.8105990171337495,0.1879775726067992
"even before i had uttered three words he yawned in a very human gesture and chided me, shhh, why is it that every flat, face i meet must chatter like an old pig at a butchering party!","[('every flat, face', 'an old pig', 'chatter')]","even before i had uttered three words he yawned in a very human gesture and chided me , shhh , why is it that every flat , face i meet must chatter at a butchering party ?",4,1,3,4,4,3,3,4,3,0.3842452325788629,0.4896085031976484,0.5029027809414851,0.497122811888556,0.491564361352147,0.4862762659678109,1,1,1,0.480938814837519,0,0.5,0.5,0.8105990171337495,1
"And a girl was sent off to a spring by the forth to get some water, and when she passed like a shadow by the back, she heard and some one said to it","[('she', 'a shadow', 'passed')]","And a girl was sent off to a spring by the forth to get some water , and when she passed by the forth , she heard and some one said to it",3,2,2,4,3,2,4,3,2,1,0.5457157508742182,0.6374151104080321,0.9598615708877756,0.3255788238959669,1,0.7499999999999998,1,1,0.7343966451810495,0.7759364965532803,1,1,1,1
"And a girl was sent off to a spring by the forth to get some water, and when she passed like a flash by the back, she heard and some one said to it","[('she', 'a flash', 'passed')]","And a girl was sent off to a spring by the forth to get some water , and when she passed by the forth , she heard and some one said to it",4,2,2,3,3,2,3,2,2,0.8711405723543048,1,0.6374151104080321,0.9598615708877756,0.3255788238959669,1,0.7499999999999998,1,1,0.7343966451810495,0.4905020922210502,0.8709389573984343,0.8813559322033898,0.9988177532910048,0.858210083088473
"And a girl was sent off to a spring by the forth to get some water, and when she passed like a flash of lightning by the back, she heard and some one said to it","[('she', 'a flash of lightning', 'passed')]","And a girl was sent off to a spring by the forth to get some water , and when she passed by the forth , she heard and some one said to it",4,2,3,4,4,4,3,2,3,0,0,1,1,0,0,1,1,1,1,0.8200487674872056,0,0,0.9464468334555612,0
"And a girl was sent off to a spring by the forth to get some water, and when she passed like a flash of light by the back, she heard and some one said to it","[('she', 'a flash of light', 'passed')]","And a girl was sent off to a spring by the forth to get some water , and when she passed by the forth , she heard and some one said to it",4,2,3,3,3,4,3,2,3,0.9970960042051928,0.6671193446391159,1,1,0,0,1,1,1,1,1,0.0276632708196005,0.0338983050847457,0.9901492822317284,0.2955123789171786
"An arrow was sent off to a spring by the forth to get some water, and when she passed through the forth, she heard like a flash of lightning and some one said to it","[('she', 'a flash of lightning', 'heard')]","And a girl was sent off to a spring by the forth to get some water , and when she passed by the forth , she heard and some one said to it",1,2,3,1,4,4,1,2,3,0.869486070299103,0.6301096992483141,0,0,1,0.6851036432072362,0,0,0,0,0,0,0,0,0.4861817964543294
She could swear like a trooper.,"[('She', 'a trooper', 'swear')]",She could swear .,5,3,2,5,3,2,3,3,2,1,1,1,1,1,1,1,1,1,1,0,0.471021003694678,0.5172413793103449,0.8697393737037017,0.0934656546659502
She could swear like the devil.,"[('She', 'the devil', 'swear')]",She could swear .,1,2,2,3,3,2,3,4,2,0.3976315856419649,0.2875877521660781,0.5238095238095238,0.3571428571428572,0.3142857142857142,0.25,0.3333333333333332,0.3333333333333332,0.3333333333333332,0.3665716639209226,0.1063524102694022,0.7325822562478465,0.896551724137931,0.9381088917353112,0.1059108006448146
An old woman could swear like an old woman.,"[('An old woman', 'an old woman', 'swear')]",She could swear .,1,1,3,1,4,3,1,1,3,0,0,0,0,0,0,0,0,0,0,1,0,0,0.8308174651238819,0.1173920831094393
"And Nikumbha was hard to approach like unto the fire of dissolution, being resplendent with the brilliance of parigha and other ornaments and having his anger for its fuels.","[('Nikumbha', 'like unto the fire of dissolution', 'approach')]","And Nikumbha was hard to approach unto the fire of dissolution , being resplendent with the brilliance of parigha and other ornaments and having his anger for its fuels .",1,3,5,1,1,1,1,4,3,1,1,1,1,1,1,1,1,1,1,0.6411385948500741,1,1,1,0.3004480887642504
"Like a flame Nikumbha was hard to approach unto the fire of dissolution, being resplendent with the brilliance of parigha and other ornaments and having his anger for its fuels.",[],"And Nikumbha was hard to approach unto the fire of dissolution , being resplendent with the brilliance of parigha and other ornaments and having his anger for its fuels .",1,2,3,1,1,1,1,2,1,0.5637041618008379,0.5002845520088798,0.25,0.4470046082949306,0.4629629629629631,0.4733542319749217,0.3333333333333333,0.5714285714285715,0.5,0.6392261543154789,0,0,0,0,0
"And like all burnished gold Nikumbha was hard to approach unto the fire of dissolution, being resplendent with the brilliance of parigha and other ornaments and having its fuels.","[('Nikumbha', 'all burnished gold', '-')]","And Nikumbha was hard to approach unto the fire of dissolution , being resplendent with the brilliance of parigha and other ornaments and having his anger for its fuels .",2,3,3,1,4,3,2,3,3,0,0,0.2258064516129025,0,0,0,0,0,0,0,1,0,0,0.9256756664579404,0.8438954256335224
"Like a flame Nikumbha was hard to approach unto the fire of dissolution, being resplendent with the brilliance of parigha and other ornaments and having his anger for its flames.",[],"And Nikumbha was hard to approach unto the fire of dissolution , being resplendent with the brilliance of parigha and other ornaments and having his anger for its fuels .",1,2,3,1,3,2,1,2,1,0.4205718866021238,0.3667442224454816,0,0.1705069124423959,0.2481481481481481,0.2978056426332288,0,0.4285714285714284,0.2499999999999996,0.3080490011090463,0.4852647726010836,0,0,0.2981056373863089,1
"His linen had to be beaten with a laundry club until it glistened like silver, and, except his wide, brimmed black horsehair hat, he looked immaculately white when he went out of the house to the Government office.","[('His linen', 'silver', 'glistened')]","His linen had to be beaten with a laundry club until it glistened , and , except his wide , brimmed black horsehair hat , he looked immaculately white when he went out of the house to the Government office .",3,1,1,4,3,2,5,3,2,0.7164855689257678,0.5486178222272166,0,1,1,1,0.5,0.5,0.5,1,0.3262282105349157,0.5,0.5,0,1
"His linen had to be beaten with a laundry club until it glistened like gold, and, except his wide, brimmed black horsehair hat, he looked immaculately white when he went out of the house to the Government office.","[('His linen', 'gold', 'glistened')]","His linen had to be beaten with a laundry club until it glistened , and , except his wide , brimmed black horsehair hat , he looked immaculately white when he went out of the house to the Government office .",3,1,1,5,3,2,5,3,2,0.6860280742030564,0.1254972468816721,0,1,1,1,0.5,0.5,0.5,1,1,0.5,0.5,0.8432333700961334,0.3774171724564435
"His linen had to be beaten with a laundry club until it glistened like polished mahogany, and, except his wide, brimmed black horsehair hat, he looked immaculately white when he went out of the house to the Government office.","[('His linen', 'polished mahogany', 'glistened')]","His linen had to be beaten with a laundry club until it glistened , and , except his wide , brimmed black horsehair hat , he looked immaculately white when he went out of the house to the Government office .",5,5,3,5,5,3,4,5,3,0,1,1,0,0,0,0.5,0.5,0.5,0,0.0744883298088931,0.5,0.5,0.363572268462312,0
they gleamed like diamonds.,"[('they', 'diamonds', 'gleamed')]",they gleamed .,5,2,1,5,3,2,5,2,2,1,1,1,1,1,0,0.5,0.5,0.5,1,0,1,1,1,0
"But what does I do, but whips out my desk knife, that I used to cut the quills with at home ; met the monster, and slit up his throat like a pen, The boar bled like a pig.","[('But what does I do, but whips out my desk knife, that I used to cut the quills with at home ; met the monster, and slit up his throat like a pen, The boar bled like a pig.', 'a pen', 'slit'), ('The boar', 'a pig', 'bled')]","But what does I do , but whips out my desk knife , that I used to cut the quills with at home ; met the monster , and slit up his throat like a pen , The boar bled .",1,1,2,1,3,2,2,3,2,1,1,1,1,1,1,1,1,1,1,1,1,1,0,0.2445680760671656
"But what does I do, but whips out my desk knife, that I used to cut the quills with at home ; met the monster, and slit up his throat like a pen, The boar bled like a stuck pig.","[('But what does I do, but whips out my desk knife, that I used to cut the quills with at home ; met the monster, and slit up his throat like a pen, The boar bled like a stuck pig.', 'a pen', 'slit'), ('The boar', 'a stuck pig', 'bled')]","But what does I do , but whips out my desk knife , that I used to cut the quills with at home ; met the monster , and slit up his throat like a pen , The boar bled .",1,1,3,2,4,3,2,4,3,0,0,0.5111111111111099,0.3484848484848488,0.023255813953487,0.0238095238095238,1,0.5,1,0.9496618769406776,0.2882666052467139,0,0,0,0.0079135477780025
"But what does I do, but whips out my desk knife, that I used to cut the quills with at home ; met the monster, and slit up his throat like a pen, The boar bled like an ox.","[('But what does I do, but whips out my desk knife, that I used to cut the quills with at home ; met the monster, and slit up his throat like a pen, The boar bled like an ox.', 'a pen', 'slit'), ('The boar', 'an ox', 'bled')]","But what does I do , but whips out my desk knife , that I used to cut the quills with at home ; met the monster , and slit up his throat like a pen , The boar bled .",1,1,2,2,3,2,2,2,2,0.1955719130791497,0.0316894618908621,0,0,0,0,0,0,0,0,0.5096782246000036,0,0,0,1
"But what does I do, but whips out my desk knife, that I used to cut the quills with at home ; met the monster, and slit up his throat like a pen, The boar bled like a horse.","[('But what does I do, but whips out my desk knife, that I used to cut the quills with at home ; met the monster, and slit up his throat like a pen, The boar bled like a horse.', 'a pen', 'slit'), ('The boar', 'a horse', 'bled')]","But what does I do , but whips out my desk knife , that I used to cut the quills with at home ; met the monster , and slit up his throat like a pen , The boar bled .",1,1,2,2,3,2,2,2,2,0.65564459749129,0.7096152183886647,0.5000000000000016,0.3333333333333347,0.3333333333333313,0.3333333333333333,0.4999999999999988,0.5,0,0.5034868710617508,0.8351477560497662,0,0,0,0.4204315867556814
"But what does I do, but whips out my desk knife, that I used to cut the quills with at home ; met the monster, and slit up his throat like a pen, The boar bled like a stuck piglet.","[('But what does I do, but whips out my desk knife, that I used to cut the quills with at home ; met the monster, and slit up his throat like a pen, The boar bled like a stuck piglet.', 'a pen', 'slit'), ('The boar', 'a stuck piglet', 'bled')]","But what does I do , but whips out my desk knife , that I used to cut the quills with at home ; met the monster , and slit up his throat like a pen , The boar bled .",2,1,3,1,4,3,2,4,3,0.2930140919937369,0.4353078851306874,0.0222222222222228,0.0227272727272721,0.023255813953487,0.0238095238095238,0.4999999999999988,0.5,0,0.4551685116572072,0,0,0,0,0
"Here she fell into a rather mournful reverie, thinking of her old life, with its shifts and privations, of her poor father, who had been so happy through it all, never feeling the weight of the petty debts and dishonours that lay like an incubus on her, Of her struggles to keep his affairs straight, of your prayers that she might not live to despise and desert him, which was a temptation that grew with her growing years, and as she thought, she gazed absently, tenderly, pensively, not on the sealskin jacket, but on the faces of the passers, by.","[('the petty debts and dishonours', 'an incubus', 'lay')]","Here she fell into a rather mournful reverie , thinking of her old life , with its shifts and privations , of her poor father , who had been so happy through it all , never feeling the weight of the petty debts and dishonours that lay on her , of her struggles to keep his affairs straight , of her prayers that she might not live to despise and desert him , which was a temptation that grew with her growing years , and as she thought , she gazed absently , tenderly , pensively , not on the sealskin jacket , but on the faces of the passers , by .",4,4,2,3,4,2,4,4,2,1,1,0.5,0.5,0.5,0.5,0.5,0.5,0.5,0,1,0.5,0.5,0,0.4520510940454598
"Here she fell into a rather mournful reverie, thinking of her old life, with its shifts and privations, of her poor father, who had been so happy through it all, never feeling the weight of the petty debts and dishonours that lay like an incubus on her, of your struggles to keep his affairs straight, Of her prayers that she might not live to despise and desert him, which was a temptation that grew with her growing years, and as she thought, she gazed absently, tenderly, pensively, not on the sealskin jacket, but on the faces of the passers, by.","[('the petty debts and dishonours', 'an incubus', 'lay')]","Here she fell into a rather mournful reverie , thinking of her old life , with its shifts and privations , of her poor father , who had been so happy through it all , never feeling the weight of the petty debts and dishonours that lay on her , of her struggles to keep his affairs straight , of her prayers that she might not live to despise and desert him , which was a temptation that grew with her growing years , and as she thought , she gazed absently , tenderly , pensively , not on the sealskin jacket , but on the faces of the passers , by .",4,4,2,3,4,2,4,4,2,0.475741462838237,0.1672806199654555,0.5,0.5,0.5,0.5,0.5,0.5,0.5,1,0.5495312026467509,0.5,0.5,0,0
"Here she fell into a rather mournful reverie, thinking of her old life, with its shifts and privations, of her poor father, who had been so happy through it all, never feeling the weight of the petty debts and dishonours that lay like a burden on her, of your struggles to keep his affairs straight, Of her prayers that she might not live to despise and desert him, which was a temptation that grew with her growing years, and as she thought, she gazed absently, tenderly, pensively, not on the sealskin jacket, but on the faces of the passers, by.","[('the petty debts and dishonours', 'a burden', 'lay')]","Here she fell into a rather mournful reverie , thinking of her old life , with its shifts and privations , of her poor father , who had been so happy through it all , never feeling the weight of the petty debts and dishonours that lay on her , of her struggles to keep his affairs straight , of her prayers that she might not live to despise and desert him , which was a temptation that grew with her growing years , and as she thought , she gazed absently , tenderly , pensively , not on the sealskin jacket , but on the faces of the passers , by .",3,2,2,5,3,2,3,3,2,0.2440860215053763,0.3428228604619171,0.5,0.5,0.5,0.5,0.5,0.5,0.5,0,0,0.5,0.5,1,0.2284181684868599
"Here she fell into a rather mournful reverie, thinking of her old life, with its shifts and privations, of her poor father, who had been so happy through it all, never feeling the weight of the petty debts and dishonours that lay like an incubus on her, Of her struggles to keep his affairs straight, of my prayers that she might not live to despise and desert him, which was a temptation that grew with her growing years, and as she thought, she gazed absently, tenderly, pensively, not on the sealskin jacket, but on the faces of the passers, by.","[('the petty debts and dishonours', 'an incubus', 'lay')]","Here she fell into a rather mournful reverie , thinking of her old life , with its shifts and privations , of her poor father , who had been so happy through it all , never feeling the weight of the petty debts and dishonours that lay on her , of her struggles to keep his affairs straight , of her prayers that she might not live to despise and desert him , which was a temptation that grew with her growing years , and as she thought , she gazed absently , tenderly , pensively , not on the sealskin jacket , but on the faces of the passers , by .",3,4,2,3,4,2,4,4,2,0,0,0.5,0.5,0.5,0.5,0.5,0.5,0.5,0,0.7064285962547645,0.5,0.5,0,1
"He observed that his head was too small for his broad shoulders, observed the intensity of his gaze that blazed like fire when crossed but when calm glittered like a lake at dusk, and noted a cold lethargy.","[('the intensity of his gaze', 'fire', 'blazed'), ('the intensity of his gaze', 'a lake', 'glittered')]","He observed that his head was too small for his broad shoulders , observed the intensity of his gaze that blazed when crossed but when calm glittered like a lake at dusk , and noted a cold lethargy .",4,1,1,3,3,2,5,2,2,0,0.5837232070323077,0,0,0,0,0,0,0,0.0976416838694185,1,0,0,1,0.4623940144767051
"He observed that his head was too small for his broad shoulders, observed the intensity of his gaze that blazed like a furnace when crossed but when calm glittered like a lake at dusk, and noted a cold lethargy.","[('the intensity of his gaze', 'a furnace', 'blazed'), ('the intensity of his gaze', 'a lake', 'glittered')]","He observed that his head was too small for his broad shoulders , observed the intensity of his gaze that blazed when crossed but when calm glittered like a lake at dusk , and noted a cold lethargy .",4,2,2,3,3,2,4,3,2,0.0852045544816629,0,0.5029094658574216,0.3307697918258985,0.2436832808634333,0.1912753182474816,0.5,0.3333333333333338,0,0,0,0,0,0,1
"He observed that his head was too small for his broad shoulders, observed the intensity of his gaze that blazed like a fire when crossed but when calm glittered like a lake at dusk, and noted a cold lethargy.","[('the intensity of his gaze', 'a fire', 'blazed'), ('the intensity of his gaze', 'a lake', 'glittered')]","He observed that his head was too small for his broad shoulders , observed the intensity of his gaze that blazed when crossed but when calm glittered like a lake at dusk , and noted a cold lethargy .",4,1,2,5,3,2,5,2,2,0.6305706341850921,0.7759035140708647,0.5029094658574216,0.3307697918258985,0.2436832808634333,0.1912753182474816,0.5,0.3333333333333338,0,1,0.4431805728768259,0,0,0.981307133160666,0.2172642339653767
"He observed that his head was too small for his broad shoulders, observed the intensity of his gaze that blazed like a flame when crossed but when calm glittered like a lake at dusk, and noted a cold lethargy.","[('the intensity of his gaze', 'a flame', 'blazed'), ('the intensity of his gaze', 'a lake', 'glittered')]","He observed that his head was too small for his broad shoulders , observed the intensity of his gaze that blazed when crossed but when calm glittered like a lake at dusk , and noted a cold lethargy .",4,2,2,5,4,2,5,2,2,1,1,1,1,1,1,1,1,1,1,0.1159808329693278,1,1,0.9907922302725262,0
The idea resounded like thunder throughout the land.,"[('The idea', 'thunder', 'resounded')]",The idea resounded throughout the land .,3,2,1,4,3,2,5,3,2,0.8337730050733528,0.9929031925093535,0,0.4867119561768897,0.522746721643608,0.0648872783445161,0,0,0,0.1910653491654896,0,0.5,0.5,0.996258342426502,1
The idea resounded like an earthquake throughout the land.,"[('The idea', 'an earthquake', 'resounded')]",The idea resounded throughout the land .,4,3,2,3,3,2,3,3,2,1,0.9307474291064332,0.1137370390482182,0.5,0.5,0,0,0,0,0.1277920783857843,0.5064138286623837,0.5,0.5,0,0.961725849214802
The idea resounded like a thunderous wave throughout the land.,"[('The idea', 'a thunderous wave', 'resounded')]",The idea resounded throughout the land .,4,4,2,5,5,4,4,4,3,0.9140199840517464,0.997593932931062,1,0.9812883919382904,0.9559353735014396,0.9010736599485756,1,1,1,0.929947989401614,0.3080371587121473,0.5,0.5,1,0.8179470982800426
"i felt hands on my shoulders, and i twitched like a cat trying to dislodge a fly.","[('i', 'a cat', 'twitched')]","i felt hands on my shoulders , and i twitched trying to dislodge a fly .",5,2,2,3,3,2,4,3,2,0.7336059059359602,1,1,1,1,1,1,1,0.5,1,1,0.2833353899751555,0.3351063829787234,1,1
"i felt hands on my shoulders, and i twitched like a dog trying to dislodge a fly.","[('i', 'a dog', 'twitched')]","i felt hands on my shoulders , and i twitched trying to dislodge a fly .",5,2,2,4,3,2,4,3,2,1,0.304499317830852,1,1,1,1,1,1,0.5,1,0.950556278264648,1,1,0.5660101827367091,0.0222256399518594
"i felt hands on my shoulders, and i twitched like an eel trying to dislodge a fly.","[('i', 'an eel', 'twitched')]","i felt hands on my shoulders , and i twitched trying to dislodge a fly .",4,4,2,3,3,2,3,4,2,0.1210990621854082,0,0,0,0,0,0,0,0.5,0,0,0.0335474269949626,0.0585106382978723,0.6920333899040928,0.1897744823452131
"Soon her deck smoked like a furnace under wind, and the shouts of the prisoners became terrible to endure.","[('her deck', 'a furnace', 'smoked')]","Soon her deck smoked under wind , and the shouts of the prisoners became terrible to endure .",3,2,2,5,3,2,4,3,2,0.175460412976488,1,0,1,1,1,0.5,0.5,0.5,1,1,0.5,0.5,0,0.1383069212348038
"Soon her deck smoked like a barrel under wind, and the shouts of the prisoners became terrible to endure.","[('her deck', 'a barrel', 'smoked')]","Soon her deck smoked under wind , and the shouts of the prisoners became terrible to endure .",1,2,2,2,3,2,2,4,2,1,0.4166220338588361,0,1,1,1,0.5,0.5,0.5,1,0.6263540871525142,0.5,0.5,0.7569574761887902,0
"Soon her deck smoked like a volcano under wind, and the shouts of the prisoners became terrible to endure.","[('her deck', 'a volcano', 'smoked')]","Soon her deck smoked under wind , and the shouts of the prisoners became terrible to endure .",3,2,2,4,4,2,4,3,2,0,0.3281046969238293,0,1,1,1,0.5,0.5,0.5,1,0,0.5,0.5,0.5409836065573771,0.6440320871010378
"Soon her deck smoked like a cinder block under wind, and the shouts of the prisoners became terrible to endure.","[('her deck', 'a cinder block', 'smoked')]","Soon her deck smoked under wind , and the shouts of the prisoners became terrible to endure .",4,3,3,3,4,3,4,5,2,0.4226397010651979,0.4605733181193675,1,0,0,0,0.5,0.5,0.5,0,0.7590892784784663,0.5,0.5,1,0.6815499169033069
"Soon her deck smoked like a chimney under wind, and the shouts of the prisoners became terrible to endure.","[('her deck', 'a chimney', 'smoked')]","Soon her deck smoked under wind , and the shouts of the prisoners became terrible to endure .",3,4,2,5,4,2,5,4,2,0.3631621090432631,0,0,1,1,1,0.5,0.5,0.5,1,0.452406014961404,0.5,0.5,0.6790709202280211,1
"The metaphysical assertion is Nature comes to us like a cookie cutter, but we apply science ( and, of course, prejudice ), as the cookie cutters, to create discrete categories of male and female.","[('Nature', 'a cookie cutter', 'comes')]","The metaphysical assertion is Nature comes to us , but we apply science ( and , of course , prejudice ) , as the cookie cutters , to create discrete categories of male and female .",1,3,3,1,2,3,1,4,2,0,0,1,0,0,0,1,0.5,0.5,1,1,0,0,0,0.1835232068331122
"The metaphysical assertion is Nature comes to us like nature, but we apply science ( and, of course, prejudice ), as the cookie cutters, to create discrete categories of male and female.","[('Nature', 'nature', 'comes')]","The metaphysical assertion is Nature comes to us , but we apply science ( and , of course , prejudice ) , as the cookie cutters , to create discrete categories of male and female .",1,1,1,1,2,2,1,2,2,0.5737682375892722,0.2869800251605751,0,0.0363348433816319,1,1,0,0.5,0.5,0.1664289725685379,0,0,0,1,0
"The metaphysical assertion is Nature comes to us like a child, but we apply science ( and, of course, prejudice ), as the cookie cutters, to create discrete categories of male and female.","[('Nature', 'a child', 'comes')]","The metaphysical assertion is Nature comes to us , but we apply science ( and , of course , prejudice ) , as the cookie cutters , to create discrete categories of male and female .",2,1,2,2,3,2,1,1,2,1,1,0.0357569149867377,1,0.7153673542346215,0.5979401666080907,0,0.5,0.5,0.0933243197726086,0.1888594178723457,1,1,0.8913137383995036,1
"The metaphysical assertion is Nature comes to us like a little child, but we apply science ( and, of course, prejudice ), as the cookie cutters, to create discrete categories of male and female.","[('Nature', 'a little child', 'comes')]","The metaphysical assertion is Nature comes to us , but we apply science ( and , of course , prejudice ) , as the cookie cutters , to create discrete categories of male and female .",2,1,3,2,3,3,1,1,3,0.607225422762574,0.4477170722390836,0.0471502545156949,0,0,0,0,0.5,0.5,0,0.2708660862811049,0,0,0.9873955227517214,0.2009910502098397
"the huge monster, its bowsprit like talons, hovered over the knave.","[('its bowsprit', 'talons', '-')]","the huge monster , its bowsprit , hovered over the knave .",3,4,1,4,3,2,3,4,2,0.8665355133389934,0.9780109397130547,0.8329327270311978,0.9086676404293752,0.8880795934461201,0.8512142251393671,0,0,0,0.2174589204908144,0.9454449092870052,0.5,0.5,0.4976264147274173,0.7969505515783883
"the huge monster, its bowsprit like talons and wings, hovered over the knave.","[('its bowsprit', 'talons and wings', '-')]","the huge monster , its bowsprit , hovered over the knave .",2,4,3,3,4,4,3,4,3,0.4111139512450437,1,0,0.5,0.5000000000000004,0.5,0,0,0,0.0530575027070141,1,0.5,0.5,0.7991139514067689,0.1932935826332701
"the huge monster, its bowsprit like talons, hovered over the knave and prow.","[('its bowsprit', 'talons', '-')]","the huge monster , its bowsprit , hovered over the knave .",3,4,1,3,3,2,3,4,2,0,0,0,0,0,0,0,0,0,0,0,0.5,0.5,0,1
"against the drab and ordinary background of gillian's room, he burned like fire.","[('he', 'fire', 'burned')]","against the drab and ordinary background of gillian 's room , he burned .",3,1,1,5,3,2,5,2,2,0,0.3299704869072395,0,0,0,0,0,0,0,0,0,1,1,0.8149679826979348,0.0223166726229982
"against the drab and ordinary background of gillian's room, he burned like a flame.","[('he', 'a flame', 'burned')]","against the drab and ordinary background of gillian 's room , he burned .",3,2,2,5,4,2,5,2,2,1,1,1,1,1,1,1,1,1,1,1,0.4068145006209026,0.4242424242424242,0,0.0077491873861915
"against the drab and ordinary background of gillian's room, he burned like a fire.","[('he', 'a fire', 'burned')]","against the drab and ordinary background of gillian 's room , he burned .",3,1,2,5,3,2,5,2,2,0.7471445558214753,0.902201135842534,1,1,1,1,1,1,1,1,0.6586519182254356,1,1,1,0.0129056687258555
"against the drab and ordinary background of gillian's room, he burned like a furnace.","[('he', 'a furnace', 'burned')]","against the drab and ordinary background of gillian 's room , he burned .",4,2,2,4,4,2,3,3,2,0.4532645101948812,0,1,1,1,1,1,1,1,1,0.6418033390402061,0.2647469963083421,0.3636363636363636,0.9827700267164242,0
A big round moon hung so low in the sky that it seemed to roll like a ball of fire right across the tops of the hillocks.,"[('A big round moon', 'a ball of fire', 'roll')]",A big round moon hung so low in the sky that it seemed to roll right across the tops of the hillocks .,3,1,4,3,4,4,4,4,4,1,1,0.5192307692307704,0.6890006539182217,0.6916554275644751,0.6961507776550329,1,1,1,0.3308733087330922,1,0.5,0.5,0.7140434928953635,0.5934621517681268
A big round moon hung so low in the sky that it seemed to roll like a ball right across the tops of the hillocks.,"[('A big round moon', 'a ball', 'roll')]",A big round moon hung so low in the sky that it seemed to roll right across the tops of the hillocks .,3,1,2,4,3,2,3,3,2,0.9078633346811176,0.8245670138581901,0.9902948975336984,1,1,1,1,1,1,1,0.8786496963465948,0.5,0.5,1,0.0495857174123753
A big round moon hung so low in the sky that it seemed to roll like a huge ball right across the tops of the hillocks.,"[('A big round moon', 'a huge ball', 'roll')]",A big round moon hung so low in the sky that it seemed to roll right across the tops of the hillocks .,4,1,3,5,3,3,3,4,4,0.6224100354039901,0.7417282575776102,1,0.99375094315128,0.9821507071415536,0.971710460476816,1,1,1,0.6641975308641968,0.7548956252467753,0.5,0.5,0.6809787002463108,0
A big round moon hung so low in the sky that it seemed to roll like a huge ball of fire right across the tops of the hillocks.,"[('A big round moon', 'a huge ball of fire', 'roll')]",A big round moon hung so low in the sky that it seemed to roll right across the tops of the hillocks .,3,1,5,3,4,5,4,5,5,0,0,0.0716180371352778,0.4060182424875225,0.4226783168449578,0.4417879935118468,1,1,1,0,0.9595563139657136,0.5,0.5,0,1
A big round moon hung so low in the sky that it seemed to roll like a ball of fire right across the tops of the hillock.,"[('A big round moon', 'a ball of fire', 'roll')]",A big round moon hung so low in the sky that it seemed to roll right across the tops of the hillocks .,3,1,4,3,4,4,4,4,4,0.4299291920198025,0.5535977306202607,0,0,0,0,0,0,0,0.3308733087330922,0,0.5,0.5,0.7140434928953635,0.5945908764030892
"stefan moved like a cat, every movement easy and precisely controlled.","[('stefan', 'a cat', 'moved')]","stefan moved , every movement easy and precisely controlled .",4,1,2,4,3,2,5,2,2,0,0,0.5088740063587939,0.3333333333333337,0.2500000000000002,0.2,1,1,1,0.4951876431094035,1,0,0,0,0.5882457497752034
"stefan moved like a dancer, every movement easy and precisely controlled.","[('stefan', 'a dancer', 'moved')]","stefan moved , every movement easy and precisely controlled .",4,1,2,5,3,2,4,2,2,0.3386231051593501,0.663729850362854,1,1,1,1,1,1,1,1,0.6808283038296368,1,1,0.9584971968872896,1
"stefan moved like lightning, every movement easy and precisely controlled.","[('stefan', 'lightning', 'moved')]","stefan moved , every movement easy and precisely controlled .",2,1,1,2,3,2,2,2,2,1,1,0,0.0110544478777853,0.0210854981614472,0.0222715718103592,0,0,0,0.0418772897543451,0,0,0,0.6071458455359384,0.0708545060398848
"'Hand forth your money and all your warrants,'he saith like a wise man ; 'gentlemen, have you now the wit to apprehend Tom Faggus? '","[(""your money and all your warrants,'he"", 'a wise man', 'saith')]","'Hand forth your money and all your warrants , ' he saith ; 'gentlemen , have you now the wit to apprehend Tom Faggus ? '",2,1,3,2,3,3,3,3,3,0.1581647598403119,1,1,1,1,0.9822719048377632,1,1,1,0.922094262786316,0.709056559592506,0.5,0.5,0,0.1286827160913643
"'Hand forth your money and all your warrants,'he saith like a cur ; 'gentlemen, have you now the wit to apprehend Tom Faggus? '","[(""your money and all your warrants,'he"", 'a cur', 'saith')]","'Hand forth your money and all your warrants , ' he saith ; 'gentlemen , have you now the wit to apprehend Tom Faggus ? '",2,3,2,3,4,2,2,4,2,1,0.958901407967622,0.9256169964886768,0.9600055108761252,0.9913336143845138,1,1,1,1,1,0.5506107931025174,0.5,0.5,1,0.9205611138298768
"'Hand forth your money and all your warrants,'he saith like an old man ; 'gentlemen, have you now the wit to apprehend Tom Faggus? '","[(""your money and all your warrants,'he"", 'an old man', 'saith')]","'Hand forth your money and all your warrants , ' he saith ; 'gentlemen , have you now the wit to apprehend Tom Faggus ? '",1,1,3,2,2,3,3,4,3,0,0.7535942332207188,0.0715221187608899,0.0382555982923965,0.0082330663347104,0.9822719048377632,0,0,0,0,1,0.5,0.5,0.3331085361084467,0
"Abby reached up, and the sky parted like a curtain as she drew her hand across.","[('the sky', 'a curtain', 'parted')]","Abby reached up , and the sky parted as she drew her hand across .",3,2,2,4,4,2,4,2,2,0.8558308522985316,1,1,1,1,1,0.5,0.5,0.5,1,1,1,1,0.9836335946863553,0
"Abby reached up, and the sky parted like a parting curtain as she drew her hand across.","[('the sky', 'a parting curtain', 'parted')]","Abby reached up , and the sky parted as she drew her hand across .",4,2,3,5,5,4,4,5,3,0,0.7579106922620673,0,0,0,0,0.5,0.5,0.5,0,0,0,0,1,0.0301561483409238
"Abby reached up, and the sky parted like a blue veil as she drew her hand across.","[('the sky', 'a blue veil', 'parted')]","Abby reached up , and the sky parted as she drew her hand across .",3,3,3,3,4,3,5,5,3,1,0,0,0,0,0,0.5,0.5,0.5,0,0.6051226755950135,0,0,0.3186573092281895,1
"Of Isabella Valancy Crawford, who flashed like a meteor across Canadian skies, and whose death in 1887 ( at the age of thirty, six ) was a signal loss to her adopted country, Mr. Garvin, at once her biographer and the editor of the complete edition of her poems, well says A great poet dwelt among us and we scarce knew her.","[('Isabella Valancy Crawford', 'a meteor', 'flashed')]","Of Isabella Valancy Crawford , who flashed across Canadian skies , and whose death in 1887 ( at the age of thirty , six ) was a signal loss to her adopted country , Mr. Garvin , at once her biographer and the editor of the complete edition of her poems , well says A great poet dwelt among us and we scarce knew her .",5,3,2,5,4,2,4,4,2,0.7118831283332613,0.6701596758126445,0.6666666666666666,0.6666666666666666,0.6666666666666677,0.6666666666666666,0.4999999999999981,0.4999999999999981,0,0.6666670485674833,0.1644705926279824,0.5,0.5,0.8202732412060302,0.9932744693511778
"Of Isabella Valancy Crawford, who flashed like a comet across Canadian skies, and whose death in 1887 ( at the age of thirty, six ) was a signal loss to her adopted country, Mr. Garvin, at once her biographer and the editor of the complete edition of her poems, well says A great poet dwelt among us and we scarce knew her.","[('Isabella Valancy Crawford', 'a comet', 'flashed')]","Of Isabella Valancy Crawford , who flashed across Canadian skies , and whose death in 1887 ( at the age of thirty , six ) was a signal loss to her adopted country , Mr. Garvin , at once her biographer and the editor of the complete edition of her poems , well says A great poet dwelt among us and we scarce knew her .",5,3,2,5,4,2,4,3,2,0.6851072465889696,0.7361528864473824,0.6666666666666666,0.6666666666666666,0.6666666666666677,0.6666666666666666,0.4999999999999981,0.4999999999999981,0,0.6666670485674833,0.3056188326975233,0.5,0.5,0,1
"Of Isabella Valancy Crawford, who flashed like an aurora across Canadian skies, and whose death in 1887 ( at the age of thirty, six ) was a signal loss to her adopted country, Mr. Garvin, at once her biographer and the editor of the complete edition of her poems, well says A great poet dwelt among us and we scarce knew her.","[('Isabella Valancy Crawford', 'an aurora', 'flashed')]","Of Isabella Valancy Crawford , who flashed across Canadian skies , and whose death in 1887 ( at the age of thirty , six ) was a signal loss to her adopted country , Mr. Garvin , at once her biographer and the editor of the complete edition of her poems , well says A great poet dwelt among us and we scarce knew her .",5,3,2,3,4,2,3,5,2,0.6840725424112267,0.5935133514512027,0.3333333333333333,0.3333333333333366,0.3333333333333355,0.3333333333333333,0,0,0,0.3333337228524173,0,0.5,0.5,0.6399968592964824,0.4839798750743816
"Of Isabella Valancy Crawford, who flashed like an aurora across Canadian skies, and whose death in 1887 ( at the age of thirty, six ) was a signal loss to her adopted country, Mr. Garvin, at once her biographer and the editor of the complete edition of her poems, well says A great poet dwelt among us and we scarce knew her ;","[('Isabella Valancy Crawford', 'an aurora', 'flashed')]","Of Isabella Valancy Crawford , who flashed across Canadian skies , and whose death in 1887 ( at the age of thirty , six ) was a signal loss to her adopted country , Mr. Garvin , at once her biographer and the editor of the complete edition of her poems , well says A great poet dwelt among us and we scarce knew her .",5,3,2,3,4,2,3,5,2,0,0,0,0,0,0,0,0,0,0,1,0.5,0.5,0.6399968592964824,0.3595789372414457
His quiff juts out from his high forehead like a girth.,"[('His quiff', 'a girth', 'juts')]",His quiff juts out from his high forehead .,2,4,2,3,3,2,2,4,2,0.5725775303198665,0.923563092489716,1,1,1,1,0.5,0.5,0.5,1,0,0.5,0.5,0,0.4604718173214692
His quiff juts out from his high forehead like a pair of horns.,"[('His quiff', 'a pair of horns', 'juts')]",His quiff juts out from his high forehead .,4,2,4,4,4,3,4,5,3,0,0.7034635195784908,0.4760142928707232,0.4499330189565134,0.4250448554118615,0.4009647616503393,0.5,0.5,0.5,0.3282442748091602,0.3664145913199116,0.5,0.5,0.9343924576317924,0.6150702386050618
"as suddenly as she 'd jumped up from the sofa, jaklin collapsed like a deflated balloon.","[('jaklin', 'a deflated balloon', 'collapsed')]","as suddenly as she 'd jumped up from the sofa , jaklin collapsed .",4,4,3,5,4,4,5,4,3,1,1,1,1,1,1,1,1,1,1,0.777508310803292,0,0,0.9999690588713964,0.5421316415062913
"as suddenly as she 'd jumped up from the sofa, jaklin collapsed like a pricked balloon.","[('jaklin', 'a pricked balloon', 'collapsed')]","as suddenly as she 'd jumped up from the sofa , jaklin collapsed .",4,4,3,4,4,4,5,5,3,0.8149429900650818,0.803334050333405,1,1,1,1,1,1,1,1,0.4661171061692976,0,0,0.9996729510667256,1
In the other direction the Empire State Building loomed like a dark shadow.,"[('the Empire State Building', 'a dark shadow', 'loomed')]",In the other direction the Empire State Building loomed .,5,2,3,3,2,3,4,3,4,1,1,1,1,1,1,0.5,0.5,0.5,1,0.5330225590561983,0.5,0.5,0.7292847956159481,1
In the other direction the Empire State Building loomed like a huge black monster.,"[('the Empire State Building', 'a huge black monster', 'loomed')]",In the other direction the Empire State Building loomed .,5,3,4,4,3,4,5,4,4,0.3137462644605725,0.9212406980106578,0.6222222222222223,0.6190476190476187,0.6153846153846151,0.6111111111111104,0.5,0.5,0.5,0.6616161616161568,0.5576110281217819,0.5,0.5,0.1739864675949225,0.8367111160353689
In the other direction the Empire State Building loomed like a giant black monster.,"[('the Empire State Building', 'a giant black monster', 'loomed')]",In the other direction the Empire State Building loomed .,5,3,4,4,4,4,5,4,4,0.4008585232774868,0.995963482499572,0.6222222222222223,0.6190476190476187,0.6153846153846151,0.6111111111111104,0.5,0.5,0.5,0.6616161616161568,0,0.5,0.5,0.2272549348543309,0.6844982379893779
In the other direction the Empire State Building loomed like a huge black shadow.,"[('the Empire State Building', 'a huge black shadow', 'loomed')]",In the other direction the Empire State Building loomed .,5,2,4,4,3,4,4,4,4,0.676161271176734,0.7502198249662149,0.6222222222222223,0.6190476190476187,0.6153846153846151,0.6111111111111104,0.5,0.5,0.5,0.6616161616161568,1,0.5,0.5,1,0
In the other direction the Empire State Building loomed like a huge black monster of destruction.,"[('the Empire State Building', 'a huge black monster of destruction', 'loomed')]",In the other direction the Empire State Building loomed .,5,3,5,5,5,5,4,5,5,0,0,0,0,0,0,0.5,0.5,0.5,0,0.0253108447237281,0.5,0.5,0,0.8867756277832977
"As the older woman, with tear, dimmed eyes, watched the two bind themselves together for the long journey, she murmured like a child to herself, She's such a woman!","[('she', 'a child', 'murmured')]","As the older woman , with tear , dimmed eyes , watched the two bind themselves together for the long journey , she murmured to herself , She 's such a woman !",3,1,2,4,3,2,4,2,2,0.8816980005295865,0.8455447546618926,1,0.4782608695652171,0.3034825870646761,0.400881057268722,0,0,0,0.9795648787914178,0.6836786622135863,1,1,0.9955601541676624,0
"As the older woman, with tear, dimmed eyes, watched the two bind themselves together for the long journey, she murmured to herself like a child, She's such a woman!","[('she', 'a child', 'murmured')]","As the older woman , with tear , dimmed eyes , watched the two bind themselves together for the long journey , she murmured to herself , She 's such a woman !",3,1,2,4,3,2,4,2,2,1,1,1,1,1,1,1,1,1,1,1,1,1,1,0.0075209255362316
"As the older woman, with tear, dimmed eyes, watched like a child the two bind themselves together for the long journey, she murmured to herself, She's such a woman!","[('the older woman', 'a child', 'watched')]","As the older woman , with tear , dimmed eyes , watched the two bind themselves together for the long journey , she murmured to herself , She 's such a woman !",3,1,2,3,3,2,3,2,2,0.5106522927148065,0.3367141610072943,1,0.4782608695652171,0.3034825870646761,0.2511013215859031,0,0,0,0.9795648787914178,0.681930920632797,0,0,0,1
"But worse, far worse than all, with his face cut, scratched, and covered with dry blood, his shirt front and waistcoat all jam, crouching back in the farthest corner, was the poor Signor, regularly trapped when he had fallen through the skylight ; for it was impossible for any one to have climbed up to the opening, through which the rain came like a deluge, and there was no other way of exit.","[('the opening', 'a deluge', 'came')]","But worse , far worse than all , with his face cut , scratched , and covered with dry blood , his shirt front and waistcoat all jam , crouching back in the farthest corner , was the poor Signor , regularly trapped when he had fallen through the skylight ; for it was impossible for any one to have climbed up to the opening , through which the rain came , and there was no other way of exit .",4,5,2,5,3,2,5,4,2,0.3409539779332639,0.5987783254192462,0.500000000000006,0.6666666666666693,0.6666666666666654,0.666666666666668,1,1,1,0.5003530844617823,0.7139489358824607,0.5,0.5,1,0.3607563850687623
"But worse, far worse than all, with his face cut, scratched, and covered with dry blood, his shirt front and waistcoat all jam, crouching back in the farthest corner, was the poor Signor, regularly trapped when he had fallen through the skylight ; for it was impossible for any one to have climbed up to the opening, through which the rain came like a curtain, and there was no other way of exit.","[('the opening', 'a curtain', 'came')]","But worse , far worse than all , with his face cut , scratched , and covered with dry blood , his shirt front and waistcoat all jam , crouching back in the farthest corner , was the poor Signor , regularly trapped when he had fallen through the skylight ; for it was impossible for any one to have climbed up to the opening , through which the rain came , and there was no other way of exit .",2,3,2,1,3,2,2,3,2,0.2736257989792082,0.5138246078018873,0.500000000000006,0.6666666666666693,0.6666666666666654,0.666666666666668,1,1,1,0.5003530844617823,0,0.5,0.5,0.2898126463700234,0.2030943025540275
"But worse, far worse than all, with his face cut, scratched, and covered with dry blood, his shirt front and waistcoat all jam, crouching back in the farthest corner, was the poor Signor, regularly trapped when he had fallen through the skylight ; for it was impossible for any one to have climbed up to the opening, through which the rain came like a shower, and there was no other way of exit.","[('the opening', 'a shower', 'came')]","But worse , far worse than all , with his face cut , scratched , and covered with dry blood , his shirt front and waistcoat all jam , crouching back in the farthest corner , was the poor Signor , regularly trapped when he had fallen through the skylight ; for it was impossible for any one to have climbed up to the opening , through which the rain came , and there was no other way of exit .",3,2,2,3,3,2,3,3,2,0.5874004382230789,0.4766409208390936,1,1,1,1,1,1,1,1,0.1775034088740294,0.5,0.5,0.7511709601873536,0
"Love in its might Bindeth like the light Unto the shadow of day, Flushing the clouds Whitened Red with the last dying ray.","[('Love in its might', 'the light', 'Bindeth')]","Love in its might Bindeth the light Unto the shadow of day , Flushing the clouds Whitened Red with the last dying ray .",1,1,2,1,2,2,3,2,2,0.1729526898646124,0.8676759461790469,1,0.7144899351788383,0.5596108488569171,0.4536681673851238,1,0.3333333333333339,0.5000000000000006,1,0,0.5,0.5,1,0.0182675947204948
"Love in its might Bindeth the light Unto the shadow of day, Flushing the clouds Whitened like a sea Red with the last dying ray.","[('Love in its might', 'a sea Red', 'Whitened')]","Love in its might Bindeth the light Unto the shadow of day , Flushing the clouds Whitened Red with the last dying ray .",1,1,3,1,2,2,2,4,3,1,0.9093091359854658,0.5151147926036476,1,1,1,1,1,1,0.2325402424164812,1,0.5,0.5,0.1926930603466007,0.9295709577056144
"One among them was a singularly handsome youth, with raven hair, and eyes which flashed like lightning ; his pointed dark moustache was provokingly becoming, and his figure as supple as a young leopard's, but he was certainly the most unreasonable of the party he gave no rest to man or beast, and was the bane of every honest soul with whom he came in contact.","[('raven hair', 'lightning', 'flashed')]","One among them was a singularly handsome youth , with raven hair , and eyes which flashed ; his pointed dark moustache was provokingly becoming , and his figure as supple as a young leopard 's , but he was certainly the most unreasonable of the party he gave no rest to man or beast , and was the bane of every honest soul with whom he came in contact .",3,1,1,2,3,2,3,1,2,1,1,1,1,1,1,1,1,1,1,0.888520278138027,0.0038069143182865,0.0084033613445378,0.7397062016064838,0.035792
"One among them was a singularly handsome youth, with raven hair, and eyes which flashed like fire ; his pointed dark moustache was provokingly becoming, and his figure as supple as a young leopard's, but he was certainly the most unreasonable of the party he gave no rest to man or beast, and was the bane of every honest soul with whom he came in contact.","[('raven hair', 'fire', 'flashed')]","One among them was a singularly handsome youth , with raven hair , and eyes which flashed ; his pointed dark moustache was provokingly becoming , and his figure as supple as a young leopard 's , but he was certainly the most unreasonable of the party he gave no rest to man or beast , and was the bane of every honest soul with whom he came in contact .",3,1,1,4,3,2,4,1,2,0.7791443476873049,0.8618199003603568,0.8264840182648396,0.7395833333333327,0.6873239436619714,0.6207792207792202,0.6666666666666675,0.6000000000000006,0.6666666666666673,0.6966818559352023,1,0,0,0.8282437224111731,0.6508608
"One among them was a singularly handsome youth, with raven hair, and eyes which flashed like stars ; his pointed dark moustache was provokingly becoming, and his figure as supple as a young leopard's, but he was certainly the most unreasonable of the party he gave no rest to man or beast, and was the bane of every honest soul with whom he came in contact.","[('eyes', 'stars', 'flashed')]","One among them was a singularly handsome youth , with raven hair , and eyes which flashed ; his pointed dark moustache was provokingly becoming , and his figure as supple as a young leopard 's , but he was certainly the most unreasonable of the party he gave no rest to man or beast , and was the bane of every honest soul with whom he came in contact .",5,1,1,4,3,2,5,1,2,0.7460141710972127,0.8122225941752161,0.8264840182648396,0.7395833333333327,0.6873239436619714,0.6207792207792202,0.6666666666666675,0.6000000000000006,0.6666666666666673,0.6966818559352023,0.8604670632798639,1,1,1,1
"One among them was a singularly handsome youth, with raven hair, and eyes which flashed like the fires of a furnace ; his pointed dark moustache was provokingly becoming, and his figure as supple as a young leopard's, but he was certainly the most unreasonable of the party he gave no rest to man or beast, and was the bane of every honest soul with whom he came in contact.","[('raven hair', 'the fires of a furnace', 'flashed')]","One among them was a singularly handsome youth , with raven hair , and eyes which flashed ; his pointed dark moustache was provokingly becoming , and his figure as supple as a young leopard 's , but he was certainly the most unreasonable of the party he gave no rest to man or beast , and was the bane of every honest soul with whom he came in contact .",5,3,5,5,4,4,4,4,4,0.458439317313543,0.5690427899100092,0.1774891774891761,0.2598684210526322,0.3093333333333327,0.2825552825552827,0.6666666666666675,0.6000000000000006,0.6666666666666673,0.5761223658541688,0.9187637375127796,0,0,0,0
"One among them was a singularly handsome youth, with raven hair, and eyes which flashed like the fires of a furnace ; his pointed dark moustache was provokingly becoming, and his figure as supple as a young leopard's, but he was certainly the most unreasonable of the party he gave no rest to man or beast, and was the bane of every honest soul with whom he cameIn contact.","[('raven hair', 'the fires of a furnace', 'flashed')]","One among them was a singularly handsome youth , with raven hair , and eyes which flashed ; his pointed dark moustache was provokingly becoming , and his figure as supple as a young leopard 's , but he was certainly the most unreasonable of the party he gave no rest to man or beast , and was the bane of every honest soul with whom he came in contact .",5,3,5,5,4,4,4,4,4,0,0,0,0,0,0,0,0,0,0,0,0,0,0,0.0757264
"But directly the hood was removed, the huge ungainly bird ran mad under the railings, nearly breaking my leg, and glad was I to get off him.",[],"But directly the hood was removed , the huge ungainly bird ran mad under the railings , nearly breaking my leg , and glad was I to get off him .",1,2,1,1,1,1,1,1,1,1,1,0.4959569907451627,0.3351745729982578,0.2531174015888492,0.2033366783163027,0.5,0,0,0.5330008031507365,0.5055295531429189,0,0,0.8826085194378906,1
"But directly the hood was removed, the huge ungainly bird ran like crazy under the railings, nearly breaking my leg, and glad was I to get off him.","[('the huge ungainly bird', 'like crazy', 'ran')]","But directly the hood was removed , the huge ungainly bird ran mad under the railings , nearly breaking my leg , and glad was I to get off him .",3,2,2,4,3,2,3,2,1,0.77365364578649,0.8054520398398857,0.5037903211764094,0.3300072229708902,0.2418947558689902,0.1889544441943078,0.5,0,0,0.482944705555296,0.8580754058735917,0,0,0,0.2226800078477535
His hormones boiled and steamed like a volcano and yet he did not reach for the succulent young flesh there beside him.,"[('His hormones', 'a volcano', 'boiled')]",His hormones boiled and steamed and yet he did not reach for the succulent young flesh there beside him .,4,2,2,4,3,2,5,3,2,0.968106763175752,1,0,0.9748716068624506,0.9967616486637264,1,0,1,0,0.1005671496306101,1,0.5,0.5,0,1
His hormones boiled and steamed like a boiling cauldron and yet he did not reach for the succulent young flesh there beside him.,"[('His hormones', 'a boiling cauldron', 'boiled')]",His hormones boiled and steamed and yet he did not reach for the succulent young flesh there beside him .,5,5,3,3,4,3,4,5,3,0.545403137916144,0.3331424712908509,0.0814971981803212,1,1,0.9938301813753668,0,1,0,0,0.653103458793346,0.5,0.5,0.9813170405594144,0.0094501340600413
His hormones boiled and steamed like a cauldron of boiling water and yet he did not reach for the succulent young flesh there beside him.,"[('His hormones', 'a cauldron of boiling water', 'boiled')]",His hormones boiled and steamed and yet he did not reach for the succulent young flesh there beside him .,5,5,5,5,4,5,4,5,4,1,0.4585091773465766,1,0.9995415809198992,0.9795464589267486,0.9660524579652824,1,1,1,1,0.6931853899987417,0.5,0.5,0.9976936368105064,0.5329436068744231
His hormones boiled and steamed like a cauldron of boiling water and yet he did not reach for the succulent young flesh There beside him.,"[('His hormones', 'a cauldron of boiling water', 'boiled')]",His hormones boiled and steamed and yet he did not reach for the succulent young flesh there beside him .,5,5,5,5,4,5,4,5,4,1,0.4585091773465766,0.1407747745937272,0,0,0,0,0,0,1,0.6931853899987417,0.5,0.5,0.9976936368105064,0
"The coil whistled through the air, it fell right over the mate's shoulder, he clutched at it as the fore, topmast crosstrees, with the full force of the surge, struck him from behind, and he sank like a stone.","[('he', 'a stone', 'sank')]","The coil whistled through the air , it fell right over the mate 's shoulder , he clutched at it as the fore , topmast crosstrees , with the full force of the surge , struck him from behind , and he sank .",4,1,2,5,3,2,5,1,2,0,0.1007203437205513,1,1,1,1,1,1,1,1,0.9502420728417386,0.7871721028352421,0.8554216867469879,0,0.5423715812530363
"The coil whistled through the air, it fell right over the mate's shoulder, he clutched at it as the fore, topmast crosstrees, with the full force of the surge, struck him from behind, and he sank like lead.","[('he', 'lead', 'sank')]","The coil whistled through the air , it fell right over the mate 's shoulder , he clutched at it as the fore , topmast crosstrees , with the full force of the surge , struck him from behind , and he sank .",3,2,1,5,4,2,5,1,2,0.4984451914240032,0.3410532032135955,0.3155811356602089,0.236329597668109,0.2412115426798764,0.2460705021275985,0,0,0,0.0912998072284785,0,0.0275388823326549,0.0481927710843373,0.0850139606611079,1
"The coil whistled through the air, it fell right over the mate's shoulder, he clutched at it as the fore, topmast crosstrees, with the full force of the surge, struck him from behind, and he sank like an empty sack.","[('he', 'an empty sack', 'sank')]","The coil whistled through the air , it fell right over the mate 's shoulder , he clutched at it as the fore , topmast crosstrees , with the full force of the surge , struck him from behind , and he sank .",1,3,3,1,4,3,2,4,3,0.1641214806981321,0,0,0,0,0,0,0,0,0,0.5704728740549196,0.0060454271064902,0.0120481927710843,0.999133145914052,0
"The coil whistled through the air, it fell right over the mate's shoulder, he clutched at it as the fore, topmast crosstrees, with the full force of the surge, struck him from behind, and he sank like an empty barrel.","[('he', 'an empty barrel', 'sank')]","The coil whistled through the air , it fell right over the mate 's shoulder , he clutched at it as the fore , topmast crosstrees , with the full force of the surge , struck him from behind , and he sank .",1,3,3,1,4,3,2,4,3,0.1140696537455989,0.0023212850122719,0,0,0,0,0,0,0,0,0.2339815866067335,0,0,1,0.4888477895867247
"Yet she chattered like a magpie ; her conversation running on certain styles of dress, various purchases of silks, and satins, and other stuffs, which she had been buying, a budget of which, I afterward discovered, she had brought with her, in order to display to her daughter.","[('she', 'a magpie', 'chattered')]","Yet she chattered ; her conversation running on certain styles of dress , various purchases of silks , and satins , and other stuffs , which she had been buying , a budget of which , I afterward discovered , she had brought with her , in order to display to her daughter .",5,5,2,4,4,2,5,3,2,1,1,1,1,1,1,1,1,1,1,0.2508271104835781,1,1,0.6686979865771812,0.8685715666688149
"Yet she chattered like a little magpie ; her conversation running on certain styles of dress, various purchases of silks, and satins, and other stuffs, which she had been buying, a budget of which, I afterward discovered, she had brought with her, in order to display to her daughter.","[('she', 'a little magpie', 'chattered')]","Yet she chattered ; her conversation running on certain styles of dress , various purchases of silks , and satins , and other stuffs , which she had been buying , a budget of which , I afterward discovered , she had brought with her , in order to display to her daughter .",5,5,3,5,4,3,5,4,3,0,0,0.6666666666666649,0.5,0.3999999999999997,0.3333333333333325,1,0.6666666666666666,1,0.9518948616632404,1,0.0359315270174673,0.0666666666666666,0.5214496644295302,1
"Yet she chattered like an animated child ; her conversation running on certain styles of dress, various purchases of silks, and satins, and other stuffs, which she had been buying, a budget of which, I afterward discovered, she had brought with her, in order to display to her daughter.","[('she', 'an animated child', 'chattered')]","Yet she chattered ; her conversation running on certain styles of dress , various purchases of silks , and satins , and other stuffs , which she had been buying , a budget of which , I afterward discovered , she had brought with her , in order to display to her daughter .",5,4,3,4,3,3,5,4,3,0.8859537186934577,0.7199895802109649,0,0,0,0,0,0,0,0,0.9781357149356812,0,0,0,0.8077431204485404
"The Lord Jesus is great at making the lame man to leap like a deer, and in enabling those who are sick of the palsy to take up their bed and walk.","[('the lame man', 'a deer', 'leap')]","The Lord Jesus is great at making the lame man to leap , and in enabling those who are sick of the palsy to take up their bed and walk .",5,1,2,4,3,2,5,1,2,0.7055776821274847,1,1,1,1,1,0.5,0.5,0.5,1,0.9851061629474076,1,1,0,0.0411771607196831
"The Lord Jesus is great at making the lame man to leap like a panther, and in enabling those who are sick of the palsy to take up their bed and walk.","[('the lame man', 'a panther', 'leap')]","The Lord Jesus is great at making the lame man to leap , and in enabling those who are sick of the palsy to take up their bed and walk .",5,4,2,3,3,2,5,3,2,0.0680645103677376,0,1,1,1,1,0.5,0.5,0.5,1,0.0399750269101455,0,0,0.9055313252262897,1
"The Lord Jesus is great at making the lame man to leap like a frog, and in enabling those who are sick of the palsy to take up their bed and walk.","[('the lame man', 'a frog', 'leap')]","The Lord Jesus is great at making the lame man to leap , and in enabling those who are sick of the palsy to take up their bed and walk .",5,1,2,4,3,2,5,2,2,1,0.1064427666993939,1,1,1,1,0.5,0.5,0.5,1,1,0,0,0.6167114064151648,0.612035880752772
"The Lord Jesus is great at making the lame man to leap like a young deer, and in enabling those who are sick of the palsy to take up their bed and walk.","[('the lame man', 'a young deer', 'leap')]","The Lord Jesus is great at making the lame man to leap , and in enabling those who are sick of the palsy to take up their bed and walk .",5,1,3,5,4,3,5,4,3,0,0.7471137894843756,0,0,0,0,0.5,0.5,0.5,0,0,0,0,1,0
"He drank like a sailor, recalled one Western ambassador who served on the Security Council at the same time.","[('He', 'a sailor', 'drank')]","He drank , recalled one Western ambassador who served on the Security Council at the same time .",2,3,2,2,3,2,2,3,2,0.4728029369551473,0.5276896249754265,0.4999999999999985,0.3333333333333333,0.2499999999999996,0.2000000000000005,1,1,1,0.4980631622370388,0,0.1438717358528392,0.2036363636363636,0.8379578946750529,0.2217033849720596
"He drank like an adult, recalled one Western ambassador who served on the Security Council at the same time.","[('He', 'an adult', 'drank')]","He drank , recalled one Western ambassador who served on the Security Council at the same time .",1,1,2,1,2,2,2,3,2,0,0.0552532971133822,0,0,0,0,0,0,0,0,1,0.0411424053237641,0.0909090909090909,0.7058878776227778,0.3901090524220221
"at this high magnification, the grainy image spattered and popped like popcorn on the screen.","[('the grainy image', 'popcorn', 'popped')]","at this high magnification , the grainy image spattered and popped on the screen .",5,2,1,4,3,2,5,2,2,1,1,1,1,1,1,0.5,1,1,1,1,0.5,0.5,1,1
"at this high magnification, the grainy image spattered and popped like a water balloon on the screen.","[('the grainy image', 'a water balloon', 'popped')]","at this high magnification , the grainy image spattered and popped on the screen .",4,2,3,3,4,4,4,4,3,0.6655828334619847,0.8992889728419702,0.2982456140350873,0.6006006006006009,0.6149732620320857,0.6336206896551724,0.5,1,1,0.5168125501673594,0.5998291125868103,0.5,0.5,0.1922830414570956,0
"at this high magnification, the grainy image spattered and popped like a popcorn on the screen.","[('the grainy image', 'a popcorn', 'popped')]","at this high magnification , the grainy image spattered and popped on the screen .",4,2,2,5,3,2,5,2,2,0.7935513361765987,0.7093542839831777,0.6296296296296298,0.7885532591414941,0.7954545454545454,0.8045977011494249,0.5,1,1,0.7569934462830006,0.700388082833802,0.5,0.5,0.9538591683050354,0.9744634488169994
"at this high magnification, the grainy image spattered and popped on the screen like a busted water balloon.","[('the grainy image', 'a busted water balloon', 'popped')]","at this high magnification , the grainy image spattered and popped on the screen .",5,3,4,5,4,5,5,5,4,0,0,0,0,0,0,0.5,0,0,0,0,0.5,0.5,0.0001991548821776,0.1047097073557714
"at this high magnification, the grainy image spattered and popped on the screen like a busted camera.","[('the grainy image', 'a busted camera', 'popped')]","at this high magnification , the grainy image spattered and popped on the screen .",2,3,3,1,3,3,3,4,3,0.3021199432496884,0.1346206964145698,0.2982456140350873,0.1441441441441438,0.1336898395721926,0.1206896551724139,0.5,0,0,0.2357797714279467,0.2935310242814024,0.5,0.5,0,0.7455270660657325
"Jacob's undisguised partiality for Joseph was a fault too, which wrought like madness on the passions of his wild sons.","[(""Jacob's undisguised partiality"", 'madness on the passions of his wild sons', 'wrought')]","Jacob 's undisguised partiality for Joseph was a fault too , which wrought on the passions of his wild sons .",1,2,1,1,3,2,2,2,2,1,1,1,1,1,1,1,1,1,1,0,0.5,0.5,0,0
"Jacob's undisguised partiality for Joseph was a fault too, which wrought like a blight on the passions of his wild sons.","[(""Jacob's undisguised partiality"", 'a blight', 'wrought')]","Jacob 's undisguised partiality for Joseph was a fault too , which wrought on the passions of his wild sons .",4,2,2,4,4,2,3,4,2,0.6196494770061878,0.8613542379579915,0.5111111111111096,0.6875000000000003,0.7000000000000008,0.7142857142857144,1,1,1,0,0.7816677818210216,0.5,0.5,0.9799721300101614,0.0905539468943044
"Jacob's undisguised partiality for Joseph was a fault too, which wrought like an incubus on the passions of his wild sons.","[(""Jacob's undisguised partiality"", 'an incubus', 'wrought')]","Jacob 's undisguised partiality for Joseph was a fault too , which wrought on the passions of his wild sons .",4,5,2,3,4,2,4,5,2,0.7028082493832946,0.7386520276457716,0.5111111111111096,0.6875000000000003,0.7000000000000008,0.7142857142857144,1,1,1,0.3769608990868663,1,0.5,0.5,0.9453036708589578,1
"Seen from the summit, it hardly seems to move ; but, in reality, it rages like a beast springing at its bars.","[('the summit', 'a beast', 'rages')]","Seen from the summit , it hardly seems to move ; but , in reality , it rages springing at its bars .",4,2,2,4,3,2,5,2,2,0.8027253733609657,1,0.9822827957185034,1,1,1,1,1,1,1,0.7655913416768604,0.5,0.5,0.7144154900332226,0
"Seen from the summit, it hardly seems to move ; but, in reality, it rages like a monster springing at its bars.","[('the summit', 'a monster', 'rages')]","Seen from the summit , it hardly seems to move ; but , in reality , it rages springing at its bars .",4,2,2,3,3,2,5,2,2,0.3378484397715545,0.5568537102130269,0.9822827957185034,1,1,1,1,1,1,1,0.9538754284754056,0.5,0.5,1,1
"Seen from the summit, it hardly seems to move ; but, in reality, it rages like a wild beast springing at its bars.","[('the summit', 'a wild beast', 'rages')]","Seen from the summit , it hardly seems to move ; but , in reality , it rages springing at its bars .",4,3,2,5,4,3,5,3,3,0,0,1,0.9825456083944092,0.9504888801669836,0.9222958842447312,1,1,1,0.9074814823040792,1,0.5,0.5,0,0.6486436823850977
"Troopers who have stood charge after charge while victory was possible will fly like the wind, and like the winds allow themselves to be butchered, when they have once turned the back.","[('Troopers', 'the wind', 'fly'), ('-', '-', '-')]","Troopers who have stood charge after charge while victory was possible will fly , and like allow themselves to be butchered , when they have once turned the back .",2,1,1,2,2,2,3,2,2,1,0.8611412707803733,0,0,0,0,0.5,0.5,0.5,0,0.8829871329202206,0.5,0.5,1,0.1852958342314814
"Troopers who have stood charge after charge while victory was possible will fly like the wind, and like the breeze allow themselves to be butchered, when they have once turned the back.","[('Troopers', 'the wind', 'fly'), ('Troopers', 'the breeze', 'like')]","Troopers who have stood charge after charge while victory was possible will fly , and like allow themselves to be butchered , when they have once turned the back .",2,1,1,2,2,2,3,2,2,0.4915343303660574,1,0,0,0,0,0.5,0.5,0.5,0,0.814239197792015,0.5,0.5,1,0.6467271482757447
"Trooyalty who have stood charge after charge while victory was possible will fly like frightened sheep, and like scared sheep allow themselves to be butchered, when they have once turned the back.","[('Trooyalty', 'frightened sheep', 'fly'), ('Trooyalty', 'scared sheep', 'fly')]","Troopers who have stood charge after charge while victory was possible will fly , and like allow themselves to be butchered , when they have once turned the back .",1,4,3,1,4,3,2,4,3,0.3164825694437146,0.814636144358986,0.5322580645161298,0.5714285714285726,0.6199999999999998,0.6818181818181825,0.5,0.5,0.5,1,0,0.5,0.5,0,1
"His servant then flew like the wind and returned with a fine breakfast of wine and milk, and delicate white bread and fruits, and such other things as little boys are fond of.","[('His servant', 'the wind', 'flew')]","His servant then flew and returned with a fine breakfast of wine and milk , and delicate white bread and fruits , and such other things as little boys are fond of .",5,2,1,3,3,2,3,4,2,0,0,0,0,0,0,0,0,0,0,0.5088162754961378,0,0,0.8561535371360729,0.8556955859969558
"Thy doughnuts of orthodox twist, and tinted like the finest chocolates, yet heap the bright tin pans of memory.","[('Thy doughnuts of orthodox twist', 'the finest chocolates', 'tinted')]","Thy doughnuts of orthodox twist , and tinted , yet heap the bright tin pans of memory .",4,2,3,3,4,3,3,4,3,1,1,0.5317183354310993,0.696112155309021,0.7008141290546682,0.7090177148735335,1,1,1,0,0.4978770225777418,0.5,0.5,0,0.0611899957997375
"Thy doughnuts of orthodox twist, and tinted like the finest fennels, yet heap the bright tin pans of memory.","[('Thy doughnuts of orthodox twist', 'the finest fennels', 'tinted')]","Thy doughnuts of orthodox twist , and tinted , yet heap the bright tin pans of memory .",2,4,3,1,4,3,2,5,3,0,0,0.5317183354310993,0.696112155309021,0.7008141290546682,0.7090177148735335,1,1,1,0,1,0.5,0.5,0.0622868559369407,1
